"key","name","appearances","averagePick","p1Appearances","p1p1Count","p1p1Rate","p1p5Rate","lastPickRate","survivesTo15Rate","survivesTo15Status","wr","gihWR","ohWR","ata","alsa","ataDifference","baseValue","heuristicValue","wrContribution","meanColorAdjustment","meanSynergyAdjustment","meanCurveAdjustment","meanRemovalAdjustment","meanDuplicateAdjustment","meanComponents","reasonCounts","reasons"
"48b1ac27-430f-4fd9-a71b-6ad125c57fe3","Sphinx's Approach","40","4.075","8","1","0.125","1","0","","not-applicable-14-card-packs","57.241041","57.241041","54.239766","9.970411","7.4198998","-5.895411","57.241041","45.9","57.241041","0.9704821728874646","0","0","0","0","{""base"":57.24104100000003,""mana"":0,""color"":0.9704821728874646,""synergy"":0,""curve"":0,""creature"":0,""removal"":0,""duplicate"":0,""fixing"":0}","{""保存WRを参考にした単体評価"":40,""現在の主色に合う"":28,""主色外のマナ供給が不足"":4}","[""保存WRを参考にした単体評価"",""現在の主色に合う"",""主色外のマナ供給が不足""]"
"8ec56e2a-380f-4de7-9fb7-52de803008fc","Transformative Commons","231","3.017316017316017","89","17","0.19101123595505617","1","0","","not-applicable-14-card-packs","57.40038","57.40038","57.972806","8.8438382","6.4161974","-5.826522182683983","57.40038","45","57.40038","0","0","0","0","0","{""base"":57.40037999999969,""mana"":0,""color"":0,""synergy"":0,""curve"":0,""creature"":0,""removal"":0,""duplicate"":0,""fixing"":1.272602198855811}","{""保存WRを参考にした単体評価"":231,""主色のマナ基盤を補強"":56}","[""保存WRを参考にした単体評価"",""主色のマナ基盤を補強""]"
"6812e4d3-0034-4fc8-9ee9-520f76a0ea94","Innovative Commons","244","3.2459016393442623","83","13","0.1566265060240964","0.9759036144578314","0","","not-applicable-14-card-packs","57.246377","57.246377","58.551069","8.9199237","6.3661503","-5.674022060655737","57.246377","45","57.246377","0","0","0","0","0","{""base"":57.246376999999896,""mana"":0,""color"":0,""synergy"":0,""curve"":0,""creature"":0,""removal"":0,""duplicate"":0,""fixing"":1.4376107546748111}","{""保存WRを参考にした単体評価"":244,""主色のマナ基盤を補強"":76}","[""保存WRを参考にした単体評価"",""主色のマナ基盤を補強""]"
"46cf0e3e-3c3e-4eb8-a71a-4b4b87744ced","Something Worth Saving","239","3.8158995815899583","71","8","0.11267605633802817","0.9577464788732394","0","","not-applicable-14-card-packs","57.016532","57.016532","57.699805000000005","9.3648796","6.9578626","-5.548980018410042","57.016532","43","57.016532","1.1729435002285433","0","0","0","0","{""base"":57.01653199999977,""mana"":0,""color"":1.1729435002285433,""synergy"":0,""curve"":0,""creature"":0,""removal"":0,""duplicate"":0,""fixing"":0}","{""保存WRを参考にした単体評価"":239,""現在の主色に合う"":151,""主色外のマナ供給が不足"":20}","[""保存WRを参考にした単体評価"",""現在の主色に合う"",""主色外のマナ供給が不足""]"
"3e51c060-1e86-4a0e-8fee-8b7273161468","Formidable Commons","241","3.3858921161825726","83","12","0.14457831325301204","0.9518072289156626","0","","not-applicable-14-card-packs","57.227005","57.227005","58.944954","8.7608486","6.2783454","-5.374956483817426","57.227005","45","57.227005","0","0","0","0","0","{""base"":57.227005000000204,""mana"":0,""color"":0,""synergy"":0,""curve"":0,""creature"":0,""removal"":0,""duplicate"":0,""fixing"":1.1388379131845812}","{""保存WRを参考にした単体評価"":241,""主色のマナ基盤を補強"":50}","[""保存WRを参考にした単体評価"",""主色のマナ基盤を補強""]"
"ecdfee75-15fd-41ea-89d4-4bfc1fa4d032","Keeper of the Quiet Hour","232","3.7801724137931036","72","2","0.027777777777777776","0.875","0","","not-applicable-14-card-packs","55.98526700000001","55.98526700000001","55.555555999999996","9.1276013","6.4988427","-5.347428886206897","55.98526700000001","50.7","55.98526700000001","0","0.2452579308723323","0.6156739811912225","0","0","{""base"":55.985267000000015,""mana"":0,""color"":0,""synergy"":0.2452579308723323,""curve"":0.6156739811912225,""creature"":0.48079937304075265,""removal"":0,""duplicate"":0,""fixing"":0}","{""保存WRを参考にした単体評価"":232,""3マナのクリーチャーを補強"":126,""クリーチャー不足を補う"":101,""アーキタイプ・共通メカニズムと相性が良い"":62}","[""保存WRを参考にした単体評価"",""3マナのクリーチャーを補強"",""クリーチャー不足を補う"",""アーキタイプ・共通メカニズムと相性が良い""]"
"6c5ed756-b999-49f7-9a52-fb8196202f0f","Theoretical Necromancer","222","4.076576576576577","75","2","0.02666666666666667","0.7333333333333333","0","","not-applicable-14-card-packs","55.977654","55.977654","53.42772","8.8903118","6.4811763","-4.813735223423422","55.977654","50.7","55.977654","1.2750939377573642","0","0.45081900081900067","0","0","{""base"":55.97765400000014,""mana"":0,""color"":1.2750939377573642,""synergy"":0,""curve"":0.45081900081900067,""creature"":0.4719901719901723,""removal"":0,""duplicate"":0,""fixing"":0}","{""保存WRを参考にした単体評価"":222,""現在の主色に合う"":147,""3マナのクリーチャーを補強"":91,""クリーチャー不足を補う"":92,""主色外のマナ供給が不足"":20}","[""保存WRを参考にした単体評価"",""現在の主色に合う"",""クリーチャー不足を補う"",""3マナのクリーチャーを補強"",""主色外のマナ供給が不足""]"
"26e20ae5-4059-4d63-9db5-6e12421d1aba","Stingerquill Annex","270","4.648148148148148","87","4","0.04597701149425287","0.7586206896551724","0","","not-applicable-14-card-packs","55.894428","55.894428","58.295282","9.2816616","6.5591468","-4.633513451851852","55.894428","45","55.894428","0","0","0","0","0","{""base"":55.89442799999973,""mana"":0,""color"":0,""synergy"":0,""curve"":0,""creature"":0,""removal"":0,""duplicate"":0,""fixing"":1.394670048693601}","{""保存WRを参考にした単体評価"":270,""主色のマナ基盤を補強"":77}","[""保存WRを参考にした単体評価"",""主色のマナ基盤を補強""]"
"d0ce03fa-2284-4217-85b2-4db6b8a88c94","Divining Duelist","233","5.527896995708154","69","0","0","0.2318840579710145","0","","not-applicable-14-card-packs","54.201411","54.201411","51.403509","10.090909","6.9005864","-4.563012004291846","54.201411","51.800000000000004","54.201411","1.7261098893177749","0.25311842818099617","0.5872415138509556","0.21973273507608274","0","{""base"":54.201411,""mana"":0,""color"":1.7261098893177749,""synergy"":0.25311842818099617,""curve"":0.5872415138509556,""creature"":0.49746390948107705,""removal"":0.21973273507608274,""duplicate"":0,""fixing"":0}","{""保存WRを参考にした単体評価"":233,""現在の主色に合う"":204,""タップ"":211,""アーキタイプ・共通メカニズムと相性が良い"":64,""3マナのクリーチャーを補強"":117,""クリーチャー不足を補う"":119,""主色外のマナ供給が不足"":13}","[""保存WRを参考にした単体評価"",""タップ"",""現在の主色に合う"",""クリーチャー不足を補う"",""3マナのクリーチャーを補強""]"
"07617648-6490-4719-acec-7705671f7e01","Protege's Awakening","253","2.0118577075098814","93","60","0.6451612903225806","1","0","","not-applicable-14-card-packs","59.232041","59.232041","55.825511000000006","6.5153698","5.034851","-4.503512092490119","59.232041","45.5","59.232041","1.2875747998579263","0.13062817853141614","0","0","0","{""base"":59.23204099999977,""mana"":0,""color"":1.2875747998579263,""synergy"":0.13062817853141614,""curve"":0,""creature"":0,""removal"":0,""duplicate"":0,""fixing"":0}","{""保存WRを参考にした単体評価"":253,""現在の主色に合う"":149,""主色外のマナ供給が不足"":9,""スプラッシュ用のマナ供給あり"":2}","[""保存WRを参考にした単体評価"",""現在の主色に合う"",""主色外のマナ供給が不足"",""スプラッシュ用のマナ供給あり""]"
"27d5b2eb-94fe-45fb-806c-354044de7ba5","Room of Refuge","252","2.996031746031746","81","1","0.012345679012345678","0.6049382716049383","0","","not-applicable-14-card-packs","55.333703","55.333703","56.207675","7.2518363","5.0762436","-4.255804553968254","55.333703","45","55.333703","0","0.05232280780331352","0","0","0","{""base"":55.33370300000014,""mana"":0,""color"":0,""synergy"":0.05232280780331352,""curve"":0,""creature"":0,""removal"":0,""duplicate"":0,""fixing"":3.2188719813083337}","{""保存WRを参考にした単体評価"":252,""主色のマナ基盤を補強"":249,""アーキタイプ・共通メカニズムと相性が良い"":14}","[""保存WRを参考にした単体評価"",""主色のマナ基盤を補強"",""アーキタイプ・共通メカニズムと相性が良い""]"
"517f84b5-cf99-410d-96ea-910740231dac","Void Extrapolator // Omit Variables","241","5.468879668049793","87","0","0","0.5057471264367817","0","","not-applicable-14-card-packs","54.83871","54.83871","53.299492","9.6586791","7.0578078","-4.189799431950208","54.83871","49","54.83871","1.027480022695866","0","0.5816672953602414","0","0","{""base"":54.83871,""mana"":0,""color"":1.027480022695866,""synergy"":0,""curve"":0.5816672953602414,""creature"":0.46374952847981904,""removal"":0,""duplicate"":0,""fixing"":0}","{""保存WRを参考にした単体評価"":241,""主色外のマナ供給が不足"":35,""現在の主色に合う"":162,""2マナのクリーチャーを補強"":119,""クリーチャー不足を補う"":111}","[""保存WRを参考にした単体評価"",""現在の主色に合う"",""2マナのクリーチャーを補強"",""クリーチャー不足を補う"",""主色外のマナ供給が不足""]"
"00ad5200-5179-4d1b-8bb3-a09e1b31be58","Theorix Annex","209","4.08133971291866","79","3","0.0379746835443038","0.8987341772151899","0","","not-applicable-14-card-packs","56.60702","56.60702","56.442831000000005","8.2189015","5.9562415","-4.1375617870813395","56.60702","45","56.60702","0","0","0","0","0","{""base"":56.60701999999994,""mana"":0,""color"":0,""synergy"":0,""curve"":0,""creature"":0,""removal"":0,""duplicate"":0,""fixing"":1.3831131214231238}","{""保存WRを参考にした単体評価"":209,""主色のマナ基盤を補強"":68}","[""保存WRを参考にした単体評価"",""主色のマナ基盤を補強""]"
"837182db-1bf3-4a2c-bd01-1af9d9873561","Unsummon","239","2.6861924686192467","84","31","0.36904761904761907","1","0","","not-applicable-14-card-packs","57.903780000000005","57.903780000000005","57.389849000000005","6.6914062","5.1469495","-4.005213731380754","57.903780000000005","45.42","57.903780000000005","1.531851725063757","0","0","0.21567135793077208","0","{""base"":57.90378000000014,""mana"":0,""color"":1.531851725063757,""synergy"":0,""curve"":0,""creature"":0,""removal"":0.21567135793077208,""duplicate"":0,""fixing"":0}","{""保存WRを参考にした単体評価"":239,""バウンス・打ち消し"":176,""現在の主色に合う"":149,""主色外のマナ供給が不足"":6}","[""保存WRを参考にした単体評価"",""バウンス・打ち消し"",""現在の主色に合う"",""主色外のマナ供給が不足""]"
"612c7807-be70-4e2f-afd2-3d3c03eddbbe","Icy Reception","256","2.45703125","82","31","0.3780487804878049","1","0","","not-applicable-14-card-packs","57.959543000000004","57.959543000000004","57.121135","6.4269552","4.9639567","-3.96992395","57.959543000000004","47.4","57.959543000000004","1.486608639776706","0.325987061243426","0","0.18536931818181812","0","{""base"":57.95954300000035,""mana"":0,""color"":1.486608639776706,""synergy"":0.325987061243426,""curve"":0,""creature"":0,""removal"":0.18536931818181812,""duplicate"":0,""fixing"":0}","{""保存WRを参考にした単体評価"":256,""現在の主色に合う"":165,""火力・マイナス修整"":187,""アーキタイプ・共通メカニズムと相性が良い"":85,""主色外のマナ供給が不足"":9}","[""保存WRを参考にした単体評価"",""火力・マイナス修整"",""現在の主色に合う"",""アーキタイプ・共通メカニズムと相性が良い"",""主色外のマナ供給が不足""]"
"2cdcf65c-03d2-416f-8a3f-0322f75e8595","Heartstring Puller","237","4.987341772151899","73","0","0","0.4931506849315068","0","","not-applicable-14-card-packs","55.143871","55.143871","50.601093","8.5255236","6.1984816","-3.538181827848101","55.143871","47.8","55.143871","1.1947719818924012","0","0.6902186421173768","0","0","{""base"":55.14387100000018,""mana"":0,""color"":1.1947719818924012,""synergy"":0,""curve"":0.6902186421173768,""creature"":0.4522439585730727,""removal"":0,""duplicate"":0,""fixing"":0}","{""保存WRを参考にした単体評価"":237,""現在の主色に合う"":162,""4マナのクリーチャーを補強"":118,""クリーチャー不足を補う"":98,""主色外のマナ供給が不足"":28,""スプラッシュ用のマナ供給あり"":9}","[""保存WRを参考にした単体評価"",""現在の主色に合う"",""4マナのクリーチャーを補強"",""クリーチャー不足を補う"",""主色外のマナ供給が不足""]"
"a9d0657f-2c5e-4b6f-b8ae-d657cc0f7aef","Tether Technician","250","7.56","71","0","0","0.056338028169014086","0","","not-applicable-14-card-packs","53.307888000000005","53.307888000000005","","11.054444","7.5602683","-3.4944440000000005","53.156399968","52.6","41.899999968","0.9885498754882068","0.3713877643235476","0","0.07175454545454543","0","{""base"":53.15639996800015,""mana"":0,""color"":0.9885498754882068,""synergy"":0.3713877643235476,""curve"":0,""creature"":0.4536000000000003,""removal"":0.07175454545454543,""duplicate"":0,""fixing"":0}","{""保存WRを参考にした単体評価"":250,""現在の主色に合う"":186,""火力・マイナス修整"":187,""スプラッシュ用のマナ供給あり"":15,""アーキタイプ・共通メカニズムと相性が良い"":106,""クリーチャー不足を補う"":115,""主色外のマナ供給が不足"":45}","[""保存WRを参考にした単体評価"",""火力・マイナス修整"",""現在の主色に合う"",""クリーチャー不足を補う"",""アーキタイプ・共通メカニズムと相性が良い""]"
"a9b3ee21-1af1-4e7e-8e48-d7c90d056f5c","Cryotheory Adept","253","6.446640316205533","94","0","0","0.10638297872340426","0","","not-applicable-14-card-packs","53.372591","53.372591","53.813559","9.898957","6.821773","-3.452316683794466","53.372591","49.300000000000004","53.372591","1.5351214658253944","0","0.537279913762127","0.2134387351778657","0","{""base"":53.37259099999982,""mana"":0,""color"":1.5351214658253944,""synergy"":0,""curve"":0.537279913762127,""creature"":0.41027667984189725,""removal"":0.2134387351778657,""duplicate"":0,""fixing"":0}","{""保存WRを参考にした単体評価"":253,""現在の主色に合う"":221,""タップ"":228,""主色外のマナ供給が不足"":22,""2マナのクリーチャーを補強"":118,""クリーチャー不足を補う"":112}","[""保存WRを参考にした単体評価"",""タップ"",""現在の主色に合う"",""2マナのクリーチャーを補強"",""クリーチャー不足を補う""]"
"4baa7847-dfcc-4aa3-aa64-2deeaa3f013b","Murmuring Volume","266","4.951127819548872","81","2","0.024691358024691357","0.8395061728395061","0","","not-applicable-14-card-packs","56.094104","56.094104","54.783258999999994","8.3560238","6.2068115","-3.404895980451127","56.094104","45.5","56.094104","0","0.26873036029192077","0","0","0","{""base"":56.094103999999824,""mana"":0,""color"":0,""synergy"":0.26873036029192077,""curve"":0,""creature"":0,""removal"":0,""duplicate"":0,""fixing"":0}","{""保存WRを参考にした単体評価"":266,""アーキタイプ・共通メカニズムと相性が良い"":81}","[""保存WRを参考にした単体評価"",""アーキタイプ・共通メカニズムと相性が良い""]"
"7b9a574f-6d56-421b-8fbd-94da1e6e3ce1","Traxos, Academy Guardian","84","2.392857142857143","26","4","0.15384615384615385","1","0","","not-applicable-14-card-packs","57.565129999999996","57.565129999999996","56.338027999999994","5.7976032","4.4028045","-3.4047460571428574","57.565129999999996","49.4","57.565129999999996","1.378677346219119","0","0.6512445887445886","0","-0.08928571428571429","{""base"":57.56512999999997,""mana"":0,""color"":1.378677346219119,""synergy"":0,""curve"":0.6512445887445886,""creature"":0.44935064935064956,""removal"":0,""duplicate"":-0.08928571428571429,""fixing"":0}","{""保存WRを参考にした単体評価"":84,""現在の主色に合う"":56,""4マナのクリーチャーを補強"":43,""クリーチャー不足を補う"":31,""主色外のマナ供給が不足"":2}","[""保存WRを参考にした単体評価"",""現在の主色に合う"",""4マナのクリーチャーを補強"",""クリーチャー不足を補う"",""主色外のマナ供給が不足""]"
"6745e850-68f6-480b-a1e0-e06180dde169","Draconic Visitor","38","10.5","14","0","0","0","0","","not-applicable-14-card-packs","49.021435000000004","","","2.0497738","2.1281619","8.4502262","50.234503149999995","51.4","24.02050315","-0.20824257330817295","0","0","0","0","{""base"":50.234503149999966,""mana"":0,""color"":-0.20824257330817295,""synergy"":0,""curve"":0,""creature"":0.261244019138756,""removal"":0,""duplicate"":0,""fixing"":0}","{""カード情報からの推定単体評価"":38,""現在の主色に合う"":26,""クリーチャー不足を補う"":10,""主色外のマナ供給が不足"":12}","[""カード情報からの推定単体評価"",""現在の主色に合う"",""主色外のマナ供給が不足"",""クリーチャー不足を補う""]"
"571cb06d-55b5-46e4-9678-1f74aca73068","Tenured Tethermage","41","10.560975609756097","15","0","0","0","0","","not-applicable-14-card-packs","57.823128999999994","57.823128999999994","","2.6705426","2.5638298","7.890433009756097","53.03439985199999","46.199999999999996","33.999999851999995","-4.072614380132509","0","0.1895787139689579","0","0","{""base"":53.03439985199999,""mana"":-0.26424834354880833,""color"":-4.072614380132509,""synergy"":0,""curve"":0.1895787139689579,""creature"":0.11308203991130819,""removal"":0,""duplicate"":0,""fixing"":0}","{""保存WRを参考にした単体評価"":41,""現在の主色に合う"":8,""3マナのクリーチャーを補強"":7,""クリーチャー不足を補う"":6,""主色外のマナ供給が不足"":33}","[""保存WRを参考にした単体評価"",""主色外のマナ供給が不足"",""現在の主色に合う"",""3マナのクリーチャーを補強"",""クリーチャー不足を補う""]"
"d6b478d1-5015-49ba-b1aa-cbc2b08107a6","Vindictive Triumph","39","12.64102564102564","15","0","0","0","0","","not-applicable-14-card-packs","49.922958","","","5.2711864","4.1268462","7.36983924102564","47.77646797199999","46.699999999999996","16.674267972000003","-5.03961427238025","0","0","0.007342657342657343","0","{""base"":47.776467972000034,""mana"":-0.6554883640697382,""color"":-5.03961427238025,""synergy"":0,""curve"":0,""creature"":0,""removal"":0.007342657342657343,""duplicate"":0,""fixing"":0}","{""カード情報からの推定単体評価"":39,""現在の主色に合う"":6,""条件付き除去"":6,""主色外のマナ供給が不足"":33}","[""カード情報からの推定単体評価"",""主色外のマナ供給が不足"",""現在の主色に合う"",""条件付き除去""]"
"7799413d-e313-4a05-ad28-f4c926c26d28","Vraska's Final Mercy","44","10.227272727272727","16","0","0","0","0","","not-applicable-14-card-packs","49.832776","49.832776","","2.8794643","2.5747304","7.347808427272726","49.578400048","49.199999999999996","29.800000048","0.8959138884814503","0.41520983973353087","0","0.13527892561983476","0","{""base"":49.57840004800002,""mana"":0,""color"":0.8959138884814503,""synergy"":0.41520983973353087,""curve"":0,""creature"":0,""removal"":0.13527892561983476,""duplicate"":0,""fixing"":0}","{""保存WRを参考にした単体評価"":44,""現在の主色に合う"":36,""条件付き除去"":36,""主色外のマナ供給が不足"":8,""アーキタイプ・共通メカニズムと相性が良い"":20}","[""保存WRを参考にした単体評価"",""現在の主色に合う"",""条件付き除去"",""アーキタイプ・共通メカニズムと相性が良い"",""主色外のマナ供給が不足""]"
"f3ed157f-a09b-405f-aec4-0e7a81d80fc8","Woodwork Prodigy // Soul Tether","70","11.857142857142858","17","0","0","0","0","","not-applicable-14-card-packs","49.587397","49.587397","48.45735","4.7089041","3.6364559","7.148238757142858","49.587397","49","49.587397","-5.711595703701595","0","0.06831168831168832","0","0","{""base"":49.58739699999991,""mana"":-0.17933753560056376,""color"":-5.711595703701595,""synergy"":0,""curve"":0.06831168831168832,""creature"":0.08493506493506493,""removal"":0,""duplicate"":0,""fixing"":0}","{""保存WRを参考にした単体評価"":70,""主色外のマナ供給が不足"":56,""現在の主色に合う"":14,""3マナのクリーチャーを補強"":5,""クリーチャー不足を補う"":6}","[""保存WRを参考にした単体評価"",""主色外のマナ供給が不足"",""現在の主色に合う"",""クリーチャー不足を補う"",""3マナのクリーチャーを補強""]"
"afddba56-f9a0-4917-8167-c9fd17ca9954","Solarium Sentry","41","11.658536585365853","12","0","0","0","0","","not-applicable-14-card-packs","51.456311","","","4.5609756","3.6914176","7.0975609853658534","51.192106931","51","21.663106930999998","-5.304546674843335","0","-0.01951219512195121","0","0","{""base"":51.19210693099996,""mana"":-0.23912206129705407,""color"":-5.304546674843335,""synergy"":0,""curve"":-0.01951219512195121,""creature"":0.07317073170731707,""removal"":0,""duplicate"":0,""fixing"":0}","{""カード情報からの推定単体評価"":41,""主色外のマナ供給が不足"":35,""現在の主色に合う"":6,""クリーチャー不足を補う"":3,""2マナのクリーチャーを補強"":2}","[""カード情報からの推定単体評価"",""主色外のマナ供給が不足"",""現在の主色に合う"",""クリーチャー不足を補う"",""2マナのクリーチャーを補強""]"
"624cf822-0b4e-4f0c-9893-a53cb094f616","Stinging Vitriol","36","12.63888888888889","12","0","0","0","0","","not-applicable-14-card-packs","50.071531","","","6.1603774","4.4208178","6.4785114888888895","45.414802361999996","43.4","15.121602361999999","-5.587426619393649","0.10102921265258889","0","0","0","{""base"":45.414802362000025,""mana"":-0.23508480299546664,""color"":-5.587426619393649,""synergy"":0.10102921265258889,""curve"":0,""creature"":0,""removal"":0,""duplicate"":0,""fixing"":0}","{""カード情報からの推定単体評価"":36,""現在の主色に合う"":8,""主色外のマナ供給が不足"":28,""アーキタイプ・共通メカニズムと相性が良い"":4}","[""カード情報からの推定単体評価"",""主色外のマナ供給が不足"",""現在の主色に合う"",""アーキタイプ・共通メカニズムと相性が良い""]"
"83c61083-b357-4775-a855-5a9013cc2bdf","Verdant Kraken","50","8.12","16","0","0","0.0625","0","","not-applicable-14-card-packs","56.568365","56.568365","","1.7169811","1.7597403","6.403018899999999","53.83320028999999","45.8","42.20000029","0.34594466135247315","0","-0.048","0","-0.024","{""base"":53.833200290000015,""mana"":-0.39999999999999986,""color"":0.34594466135247315,""synergy"":0,""curve"":-0.048,""creature"":0.3392727272727272,""removal"":0,""duplicate"":-0.024,""fixing"":0}","{""保存WRを参考にした単体評価"":50,""現在の主色に合う"":34,""クリーチャー不足を補う"":19,""主色外のマナ供給が不足"":15}","[""保存WRを参考にした単体評価"",""現在の主色に合う"",""クリーチャー不足を補う"",""主色外のマナ供給が不足""]"
"3c0fe71c-bee1-41d3-aeb5-1723028eedde","Face Yourself","44","11.454545454545455","17","0","0","0","0","","not-applicable-14-card-packs","53.553038","","","5.1044177","4.0801012","6.350127754545455","47.786112416","43.4","23.134912416","-0.552482056586297","0.04400461509954827","-0.02727272727272727","0","-0.02727272727272727","{""base"":47.78611241599997,""mana"":0,""color"":-0.552482056586297,""synergy"":0.04400461509954827,""curve"":-0.02727272727272727,""creature"":0,""removal"":0,""duplicate"":-0.02727272727272727,""fixing"":0}","{""カード情報からの推定単体評価"":44,""主色外のマナ供給が不足"":21,""現在の主色に合う"":23,""アーキタイプ・共通メカニズムと相性が良い"":2}","[""カード情報からの推定単体評価"",""現在の主色に合う"",""主色外のマナ供給が不足"",""アーキタイプ・共通メカニズムと相性が良い""]"
"4a37f4a0-2869-4f81-b51b-4c3e7e0e0671","Ajani's Anguish","42","8.238095238095237","18","0","0","0","0","","not-applicable-14-card-packs","57.142857","57.142857","","1.9011407","1.8884758","6.336954538095237","53.693399893","43.4","42.799999893","0.19966964157872172","0","0","0","0","{""base"":53.69339989300004,""mana"":0,""color"":0.19966964157872172,""synergy"":0,""curve"":0,""creature"":0,""removal"":0,""duplicate"":0,""fixing"":0}","{""保存WRを参考にした単体評価"":42,""主色外のマナ供給が不足"":13,""現在の主色に合う"":29}","[""保存WRを参考にした単体評価"",""現在の主色に合う"",""主色外のマナ供給が不足""]"
"8940f503-fc6d-4fae-be74-22c660cae1a7","Pyre Rhymer // Molten Tide","45","10.555555555555555","17","0","0","0","0","","not-applicable-14-card-packs","49.401523000000005","","","4.3980583","3.4711447","6.157497255555556","49.400615292","49.4","19.958215292000002","-0.019561821910645587","0","0.17666666666666672","0","0","{""base"":49.40061529200006,""mana"":-0.4,""color"":-0.019561821910645587,""synergy"":0,""curve"":0.17666666666666672,""creature"":0.28363636363636363,""removal"":0,""duplicate"":0,""fixing"":0}","{""カード情報からの推定単体評価"":45,""現在の主色に合う"":31,""3マナのクリーチャーを補強"":10,""クリーチャー不足を補う"":14,""主色外のマナ供給が不足"":14}","[""カード情報からの推定単体評価"",""現在の主色に合う"",""クリーチャー不足を補う"",""主色外のマナ供給が不足"",""3マナのクリーチャーを補強""]"
"57ea9f63-8267-4303-a3dd-9ded220294dc","Rise of the Deathbringer","30","8.133333333333333","12","0","0","0.16666666666666666","0","","not-applicable-14-card-packs","55.403557000000006","55.403557000000006","","2.1448276","2.1102236","5.988505733333333","53.35820016700001","47.8","40.500000167","-1.0142320228443609","0","0","0.022500000000000003","0","{""base"":53.35820016699997,""mana"":0,""color"":-1.0142320228443609,""synergy"":0,""curve"":0,""creature"":0,""removal"":0.022500000000000003,""duplicate"":0,""fixing"":0}","{""保存WRを参考にした単体評価"":30,""現在の主色に合う"":17,""火力・マイナス修整"":18,""スプラッシュ用のマナ供給あり"":3,""主色外のマナ供給が不足"":8}","[""保存WRを参考にした単体評価"",""火力・マイナス修整"",""現在の主色に合う"",""主色外のマナ供給が不足"",""スプラッシュ用のマナ供給あり""]"
"add02a36-8811-438b-a8e1-f5c8a8146b4e","Samut, Hazoret's Champion","53","9.30188679245283","22","0","0","0","0","","not-applicable-14-card-packs","54.302103","54.302103","","3.6081081","3.0649943","5.69377869245283","51.963799869","49.4","28.399999869000002","-0.2415057762592736","0","0.5154373927958833","0","-0.04716981132075472","{""base"":51.963799869000006,""mana"":0,""color"":-0.2415057762592736,""synergy"":0,""curve"":0.5154373927958833,""creature"":0.3077186963979417,""removal"":0,""duplicate"":-0.04716981132075472,""fixing"":0}","{""保存WRを参考にした単体評価"":53,""現在の主色に合う"":34,""2マナのクリーチャーを補強"":20,""クリーチャー不足を補う"":17,""主色外のマナ供給が不足"":19}","[""保存WRを参考にした単体評価"",""現在の主色に合う"",""2マナのクリーチャーを補強"",""主色外のマナ供給が不足"",""クリーチャー不足を補う""]"
"cad63b31-667b-4518-bc49-be4ffb82bc63","Vraska, Soul of Stone","44","12.318181818181818","11","0","0","0","0","","not-applicable-14-card-packs","52.380952","","","6.8076923","4.7894737","5.510489518181818","50.24957132","49.4","14.92857132","-10.320637318785396","0","0","0","0","{""base"":50.24957132000004,""mana"":-0.7748072692825025,""color"":-10.320637318785396,""synergy"":0,""curve"":0,""creature"":0,""removal"":0,""duplicate"":0,""fixing"":0}","{""カード情報からの推定単体評価"":44,""主色外のマナ供給が不足"":44}","[""カード情報からの推定単体評価"",""主色外のマナ供給が不足""]"
"22c2e66d-a2a1-46db-a70a-dff5ad5d6c14","Liliana the Faultless","34","8.029411764705882","9","0","0","0","0","","not-applicable-14-card-packs","55.513307999999995","55.513307999999995","","2.8364486","2.4993289","5.192963164705882","52.615600008","49.4","29.200000008","0.8705276514131861","0.22379256323128288","0","0","0","{""base"":52.615600008,""mana"":0,""color"":0.8705276514131861,""synergy"":0.22379256323128288,""curve"":0,""creature"":0.460427807486631,""removal"":0,""duplicate"":0,""fixing"":0}","{""保存WRを参考にした単体評価"":34,""現在の主色に合う"":27,""アーキタイプ・共通メカニズムと相性が良い"":9,""クリーチャー不足を補う"":16,""主色外のマナ供給が不足"":7}","[""保存WRを参考にした単体評価"",""現在の主色に合う"",""クリーチャー不足を補う"",""アーキタイプ・共通メカニズムと相性が良い"",""主色外のマナ供給が不足""]"
"10721d62-dc68-43b4-bfa2-dcb8cf8ea980","Way of the Warlord","74","10.608108108108109","21","0","0","0","0","","not-applicable-14-card-packs","49.834437","49.834437","","5.5744308","4.306795","5.033677308108109","49.834437","45.5","49.834437","-0.7761938713102849","0.15474101167911092","0","0","-0.033783783783783786","{""base"":49.83443699999999,""mana"":0,""color"":-0.7761938713102849,""synergy"":0.15474101167911092,""curve"":0,""creature"":0,""removal"":0,""duplicate"":-0.033783783783783786,""fixing"":0}","{""保存WRを参考にした単体評価"":74,""現在の主色に合う"":44,""主色外のマナ供給が不足"":30,""アーキタイプ・共通メカニズムと相性が良い"":14}","[""保存WRを参考にした単体評価"",""現在の主色に合う"",""主色外のマナ供給が不足"",""アーキタイプ・共通メカニズムと相性が良い""]"
"f30a084c-5705-40f5-8e0d-2083d33973c7","Curse-Marred Demon","56","6.928571428571429","15","0","0","0.06666666666666667","0","","not-applicable-14-card-packs","54.344392","54.344392","","2.0592885","2.0371622","4.869282928571429","53.263800136","51.4","34.400000136","1.6300985374636807","0.40121232821761527","0.7082792207792209","0","0","{""base"":53.26380013600006,""mana"":0,""color"":1.6300985374636807,""synergy"":0.40121232821761527,""curve"":0.7082792207792209,""creature"":0.47435064935064924,""removal"":0,""duplicate"":0,""fixing"":0}","{""保存WRを参考にした単体評価"":56,""現在の主色に合う"":45,""アーキタイプ・共通メカニズムと相性が良い"":26,""4マナのクリーチャーを補強"":32,""クリーチャー不足を補う"":27,""主色外のマナ供給が不足"":10}","[""保存WRを参考にした単体評価"",""現在の主色に合う"",""4マナのクリーチャーを補強"",""クリーチャー不足を補う"",""アーキタイプ・共通メカニズムと相性が良い""]"
"501580b9-692c-4804-be34-012a25ba8adf","Way of the Wildspeaker","92","8.358695652173912","28","0","0","0.03571428571428571","0","","not-applicable-14-card-packs","53.255207999999996","53.255207999999996","51.428571","3.9275124","3.2735444","4.431183252173913","53.255207999999996","45.5","53.255207999999996","0.30305086528197905","0.24924499706400421","0","0","-0.10869565217391304","{""base"":53.25520799999996,""mana"":0,""color"":0.30305086528197905,""synergy"":0.24924499706400421,""curve"":0,""creature"":0,""removal"":0,""duplicate"":-0.10869565217391304,""fixing"":0}","{""保存WRを参考にした単体評価"":92,""現在の主色に合う"":65,""アーキタイプ・共通メカニズムと相性が良い"":27,""主色外のマナ供給が不足"":18,""スプラッシュ用のマナ供給あり"":8}","[""保存WRを参考にした単体評価"",""現在の主色に合う"",""アーキタイプ・共通メカニズムと相性が良い"",""主色外のマナ供給が不足"",""スプラッシュ用のマナ供給あり""]"
"ab56f7cf-9538-45b5-a657-1e2ebef1e92b","Mabel, Valley Hero","79","12.329113924050633","25","0","0","0","0","","not-applicable-14-card-packs","47.730829","47.730829","","8.0687623","5.822054","4.260351624050633","47.322599731","46.6","30.499999731","-6.61486076174945","0","0.07635212888377445","0","-0.0949367088607595","{""base"":47.322599731000054,""mana"":-0.2237934722916579,""color"":-6.61486076174945,""synergy"":0,""curve"":0.07635212888377445,""creature"":0.09321058688147296,""removal"":0,""duplicate"":-0.0949367088607595,""fixing"":0}","{""保存WRを参考にした単体評価"":79,""主色外のマナ供給が不足"":69,""現在の主色に合う"":10,""3マナのクリーチャーを補強"":4,""クリーチャー不足を補う"":7}","[""保存WRを参考にした単体評価"",""主色外のマナ供給が不足"",""現在の主色に合う"",""クリーチャー不足を補う"",""3マナのクリーチャーを補強""]"
"24f1445c-16c9-45c0-be56-0266e6c78cdb","Guiding Hydra","47","5.723404255319149","14","0","0","0.7142857142857143","0","","not-applicable-14-card-packs","57.427056","57.427056","","1.5061728","1.5317073","4.2172314553191494","55.255600224000005","48.6","43.300000224","0.18297290440038494","0","0","0","0","{""base"":55.255600224,""mana"":0,""color"":0.18297290440038494,""synergy"":0,""curve"":0,""creature"":0.31102514506769824,""removal"":0,""duplicate"":0,""fixing"":0}","{""保存WRを参考にした単体評価"":47,""現在の主色に合う"":27,""主色外のマナ供給が不足"":10,""クリーチャー不足を補う"":16}","[""保存WRを参考にした単体評価"",""現在の主色に合う"",""クリーチャー不足を補う"",""主色外のマナ供給が不足""]"
